Department,Date,Budget_Revenue,Actual_Revenue,Budget_COGS,Actual_COGS,Budget_Shipping,Actual_Shipping,Budget_Salary,Actual_Salary,Budget_Taxes,Actual_Taxes
HR,"Friday,January 01,2021",395972?,339936.61,227804,208460.71,17647,29415.57,45000,45000,15541,10913.48
Operations,"Thursday,January 07,2021",365564,374467.34,231415,222569.35,14911,27433.58,52000,52000,29938,15910.42
IT,"Wednesday,January 13,2021",458896,424174.67,89081,83726,13472,22484.28,60000,60000,7443,NA
Operations,"Tuesday,January 19,2021",231373,250137.13,243928,272698.31,23271,19539.42,52000,52000,15457,-19945.46
Operations,"Monday,January 25,2021",215294,235265.65$,143105,136637.15,8266,23028.1,52000,52000,15380,4379.04
Marketing,"Sunday,January 31,2021",224019,243299.56,269930,308790.83,5666,14297.53,55000,55000,12783,-30923.21
IT,"Saturday,February 06,2021",165726,160514.51,69065,67975.43,9188,13563.52$,60000,60000,49241,3022.79
IT,"Friday,February 12,2021",241564,257389.02,264532,250122.8,22055,15455.36,60000,60000,22368,-14239.27
IT,"Thursday,February 18,2021",477812!,507024.16,138092,151545.56,15161,38935.09,60000,60000,20328,50820.57
Operations,"Wednesday,February 24,2021",368246,342385.97,104693,111464.22,28161,18774.33,52000,52000,31215!,34308.79
HR,"Wednesday,March 03,2021",281408,297512.66,76962,78851.33,16314,21575.19,45000,45000,38595,23799.25
IT,"Tuesday,March 09,2021",218015,187329.8,78295,81336.05,28954,16449.09,60000,60000,32306,6145.24
Operations,"Monday,March 15,2021",316386,316090.96,63807,68898.83,29340$,21297.76,52000,52000,24915,35848.06
Marketing,"Sunday,March 21,2021",354079,321327.47,223420,213838.34,26508,26749.09,55000,55000,44915,5304.15
HR,"Saturday,March 27,2021",126641,111462.03,207504,238439.42,26969,10006.22,45000,45000,42219,-38280.03
Marketing,"Friday,April 02,2021",265656,230918.37,264357,302344.65,17891,22251.04,55000,55000,20343,-32359.14
HR,"Thursday,April 08,2021",263817,270167.65,288067,306094.64,9777,16678.02,45000,45000,n/a,-22497.85
Operations,"Wednesday,April 14,2021",465890,435592.59,272864,259189.59,8900,30476.58,52000,52000,5126,16623.29
Sales,"Tuesday,April 20,2021",136631,140892.75,238926,255664.45,28061,8118.35,50000,50000,32632,-40197.79
HR,"Monday,April 26,2021",342289,296538.34,221334,203195.59,18716,29542.39,45000,45000,46563,3756.79
Marketing,"Monday,May 03,2021",172991,160677.95,218152,198008.53,11981,15481.33,55000,55000,49409,-17002.57
Operations,"Sunday,May 09,2021",104014,102440.56,182396,175906.48,11376,7887.7,52000,52000,25530,-20783.84
HR,"Saturday,May 15,2021",373237,391033.24,141267,143478.64,21907,36014.81,45000,45000,44964,30547.37
Sales,"Friday,May 21,2021",118070,109768.28,216981,242382.56,23777,8347.65,50000,50000,49327,-43632.83
Sales,"Thursday,May 27,2021",397921,400496.68,270411,292528.53,23977,32512.03,50000,50000,8368,5619.9
IT,"Wednesday,June 02,2021",156958,168179.62,69870,75856.23,15160,9158.43,60000,60000,8797,5301.57
IT,"Tuesday,June 08,2021",182074,182796.07,215650,217024.41,19124,16042.83,60000,60000,18718!,-22244.66
Marketing,"Monday,June 14,2021",110729,100568.49,253196.0?,249773.74,21282,5670.62,55000,55000,39560,-40720.1
HR,"Sunday,June 20,2021",330785,283185.1,298683,296520.44,28624,25855.76,45000,45000,16053,-13870.08
HR,"Sunday,June 27,2021",276089,294731.83,284677,326499.58,28321,26261.02,45000,45000,27116,-18835.65
IT,"Saturday,July 03,2021",297392,254364.54,76790,69881,15488,21732.2,60000,60000,41244,19872.31
HR,"Friday,July 09,2021",258823,276597.78,168874,188591.37,27574,14329.98,45000,45000,41185,4555.54
HR,"Thursday,July 15,2021",205864,202206.68,75289,78652.07,10240,13175.06,45000,45000,6645,11249.28
Sales,"Wednesday,July 21,2021",493002,534792.26,236201,238481.25,15453,33775.14,50000,50000,24256,44594.81
IT,"Tuesday,July 27,2021",309141,324504.01,274786,297130.06,15478,22068.49,60000,60000,40840,-12227.86
Operations,"Monday,August 02,2021",467654,514177.87,275318,281283.38,27877,27962.09,52000,52000,39622,38207.83
IT,"Sunday,August 08,2021",154748,145103.79,65485,73235.53,17394,14053,60000,60000,42430,-531.57
Operations,"Saturday,August 14,2021",105801,110223.17,NA,106308.83,24262,8563.25,52000,52000,44282,-12137.4
Sales,"Friday,August 20,2021",250262,237869.71,136188,136927.53,25527,15527.23,50000,50000,7708,6804.09
Marketing,"Friday,August 27,2021",335362,325290.71,54748,53062.14,25028,22721.26,55000,55000,16694!,41550.21
HR,"Thursday,September 02,2021",129592,130483.12,267841,280720.83,9432,9441.78,45000,45000,14524,-46782.6
Sales,"Wednesday,September 08,2021",372791,398297.09,190507,214909.2,18568,31875.6,50000,50000,36880,16428.1
HR,"Tuesday,September 14,2021",239788,262812.65,53709,51166.71,19178,19916.99,45000,45000,44224,28023.83
Marketing,"Monday,September 20,2021",319963,333423.32,173961,183657.87,22660,31998.5,55000,55000,41980,14686.23
Marketing,"Sunday,September 26,2021",348710,332823.36,80355,85006.76,27195,24911.22,55000,55000,37409,31630.57
Sales,"Saturday,October 02,2021",320984,306648.61,236843,256566.87!,5302,30544.62,50000,50000,18224,-6311.52
Marketing,"Friday,October 08,2021",472771,489032.23,238871,222840.83,22022,45270.32,55000,55000,45738,34640.49
Operations,"Thursday,October 14,2021",432460,393406.39,194188,209520.35,5055,23771.79,52000,52000,30150,18211.59
Marketing,"Wednesday,October 20,2021",358067,314246.23,206542,232826.15,18013,30334.11,55000,55000,39393,-728.88
HR,"Wednesday,October 27,2021",364512,342151.21,223416,211110.42,13717,19098.31,45000,45000,48082,12280.67
HR,"Tuesday,November 02,2021",177575,163690.37,92918,89144.21,13150,14874.95,45000,45000,12973,2239.12
HR,"Monday,November 08,2021",368799,340798.68,102224,116826.57,7125,23525.73,45000,45000,13577,23693.01
HR,"Sunday,November 14,2021",337549,306630.17,89298,84408.42,16479,28792.18,45000,45000,13070,34609.28
Operations,"Saturday,November 20,2021",170031,146315.64,289564,322457.39,20745,13666.3,52000,52000,13666,-42874.28
IT,"Friday,November 26,2021",187922,160573.43,130219,133223.08,21748,14499.18,60000,60000,41368,-9515.01
Sales,"Thursday,December 02,2021",224046,245762.91,111629,107365.64,11809,21996.15,50000,50000,11783,11943.74
HR,"Wednesday,December 08,2021",132097,126409.34,116040,129696.45,9621,8246.18,45000,45000,46914,-13797.96
Marketing,"Tuesday,December 14,2021",242038,228987.71,280590,283768.05,20034,12375.86,55000,55000,9971,-21490.9
HR,"Tuesday,December 21,2021",224862,229339.41,280907,288970.25,18623,16087.93,45000,45000,18490,-23294.58
Marketing,"Monday,December 27,2021",330229,298713.09,78016,77220.89,10126,17527.36,55000,55000,6990,35345.34
Marketing,"Sunday,January 02,2022",218834,237979.85,73960,77527.66,10122,20168.21,55000,55000,10299,19972.94
HR,"Saturday,January 08,2022",193848,202878.65,83591,78649.18,23030,13654.74,45000,45000,24956,11056.56
Operations,"Friday,January 14,2022",152921,133401.05,263920,,22302,13177.42,52000,52000,27359,-44926.4
Marketing,"Thursday,January 20,2022",280798,267992.26,153333,175160.42,24181,21988.39,55000,55000,42148!,3102.44
Marketing,"Wednesday,January 26,2022",226141,241921.02,292804,282419.23,27890,22044.82,55000,55000,33734,-23308.42
HR,"Tuesday,February 01,2022",281372,305621.48,164821,175399.9,10870,17306.19,45000,45000,9757,11093.84
Marketing,"Monday,February 07,2022",384821,372064.33,248713,244061.45,6531,34639.46,55000,55000,24097,6063.73
Marketing,"Sunday,February 13,2022",155609,156130.73,86395,94461.55,13172,15010.07,55000,55000,15395,-1858.3
HR,"Sunday,February 20,2022",327897,292404.93,292348,272678.36,24729,21741.21,45000,45000,21241,-9386.29
HR,"Saturday,February 26,2022",131024,143837.12,179695,205293.5,12673,11551.94,45000,45000,43356,-22856.45
Sales,"Friday,March 04,2022",170313,154630.23,203772,206512.2,28333,13644.65,50000,50000,32696,-25756.75
Operations,"Thursday,March 10,2022",489957,531937.96,84620,81151.65,11882?,31247.06,52000,52000,9944,83266.49
Operations,"Wednesday,March 16,2022",284078,287603.88,284286,261080.92,6906,21607.19,52000,52000,24816,-7810.84
Marketing,"Tuesday,March 22,2022",457429,458313.76,178148,167893.71,8086,32051.33,55000,55000,42011,42915.38
Operations,"Monday,March 28,2022",213632,208968.87,70559,72671.78,18503,11977.82,52000,52000,29917,11826.76
Marketing,"Sunday,April 03,2022",351451,319000.63,274117,269799.87,13152,21812.22,55000,55000,36195,-6216.38
Sales,"Saturday,April 09,2022",103051,92141.2,143396,158771.04,10750,4921.13,50000,50000,26566,-26218
HR,"Friday,April 15,2022",279819,253270.21,242714,244588.21,17772,,45000,45000,14916,-12113.17
HR,"Friday,April 22,2022",476836,427535.72,257611,247867.78,15267,24266.21,45000,45000,25806,17321.57
HR,"Thursday,April 28,2022",187235,195641.12,71732,75626.06,6062,19203.3,45000,45000,14984,8690.2
Operations,"Wednesday,May 04,2022",297484,278900.57,141362,152203.66,23360,,52000,52000,6759,9461.4
Sales,"Tuesday,May 10,2022",289407,250180.97,211426,199112.65,22680,24590.56,50000,50000,46949,-4143.93
Operations,"Monday,May 16,2022",311810,340582.47,63843,60134.03,11229,24394.18,52000,52000,31838,35647.85
Operations,"Sunday,May 22,2022",303687,325232.52,291080,264640.58,29025,21332.26,52000,52000,7482,-3065.65
Sales,"Saturday,May 28,2022",173523,187741.14,164065.0$,177862.95,21509,14138.24,50000,50000,29442,-9493.05
Sales,"Friday,June 03,2022",336175,369364.53,121726,129753.97,20147,26585.23$,50000,50000,38719,28887.27
Sales,"Thursday,June 09,2022",194476,173759.21,67640,68902.01,9632,9605.97,50000,50000,32965,10224.06
Sales,"Thursday,June 16,2022",333841,316835.31,102528,113912.98,11288,25993.59,50000,50000,7079,24747.8
HR,"Wednesday,June 22,2022",379163,394162.54,88413,97379.63,8596,23965.83,45000,45000,7717,51867.36
IT,"Tuesday,June 28,2022",445757,456457.47,102638,107394.1,16475,36963.65,60000,60000,32952,39462.84
IT,"Monday,July 04,2022",322866,286858.04,233808,261179.39,11168,23668.67,60000,60000,25908,-11525.93
Sales,"Sunday,July 10,2022",186672,196744.5,288964,274937.77,14795,11332.73,50000,50000,47460,-21397.9
IT,"Saturday,July 16,2022",173847,157524.53,160133,148600.21,12561,8359.43,60000,60000,29861,-9287.65
IT,"Friday,July 22,2022",444894,403053.68,156357,151265.61,13258,35887.13,60000,60000,12311,37516.59
Sales,"Thursday,July 28,2022",310706,305810.39,249938,228511.24,21616,22321.11,50000,50000,33071,816.02
IT,"Wednesday,August 03,2022",128251,128024.63,200159,206722.69,11371,6773.55,60000,60000,28570,-29565.95
Operations,"Tuesday,August 09,2022",203481,202467.98,222502,252350.96,25590,20194.83,52000,52000,23449,error
Marketing,"Tuesday,August 16,2022",,414360.93,205576,187040.42,19369,21915.15,55000,55000,38536,27785.03
Marketing,"Monday,August 22,2022",125945,134681.2,188186,175112.24,17910,11414.47,55000,55000,43258,-25641.14
Sales,"Sunday,August 28,2022",452996,415125.54,128859,130540.58,12943,41173.79,50000,50000,33865,29433.76
HR,"Saturday,September 03,2022",132217,116665.47,149657,169631.53,17199,7228.48,45000,45000,11645,
Sales,"Friday,September 09,2022",108308,116126.43,192047.0?,188021.51,20728,6632.27,50000,50000,43000,-31661.36
HR,"Thursday,September 15,2022",368093,400821.21,61023,62658.95,28275,22473.74,45000,45000,31737,55766.39
Marketing,"Wednesday,September 21,2022",283062,301611.59,71447,65044.86!,11738,19654.14,55000,55000,16485,39455.22
Sales,"Tuesday,September 27,2022",494366,520260.41,271541,254457.22,20913,28641.53,50000,50000,43565,29052.32
Operations,"Monday,October 03,2022",320552,324978.98,175899,201695.91,7472,27495.84,52000,52000,30522,8401.86
IT,"Sunday,October 09,2022",200235,197774.98,73959,84407.9,24123,10504.74,60000,60000,17342,7544.45
HR,"Sunday,October 16,2022",174740,152329.02,116203.0!,104726.21,26785,11496.44,45000,45000,45806,-1984.01
IT,"Saturday,October 22,2022",478496,,169156,192491.57,20679,45483,60000,60000,18087,39107.19
IT,"Friday,October 28,2022",428761,404395.43,210775,223375.13,6761,36678.06,60000,60000,42641,14814.97
Sales,"Thursday,November 03,2022",325913,298190.33,59337,66278.22,15167,24082.14,50000,50000,39249,33999.33
IT,"Wednesday,November 09,2022",,390735.29,96427,97746.6,15554,25519.97,60000,60000,15093,35230.21
Operations,"Tuesday,November 15,2022",492942,480110.19,111529,114752.08,22260,38982.45,52000,52000,21438,56667.64
IT,"Monday,November 21,2022",277247,241277.41,152023,155399.68,19277,18422.03,60000,60000,45411,1464.25
Sales,"Sunday,November 27,2022",238877,216194.63,134665,143649.32,8812,15415.58,50000,50000,31399,1762.47
Operations,"Saturday,December 03,2022",105237,107427.48,155787,145647.26,22844,6073.47,52000,52000,24846,-20303.69
Marketing,"Saturday,December 10,2022",120056,104332.59,212993,193289.74,23117,9841.72,55000,55000,20708,-28445.2
IT,"Friday,December 16,2022",276615,293986.9,83307,81389.48,6605,21310.88,60000,60000,49039,21190.91
Sales,"Thursday,December 22,2022",287628,280088.3,208427,224302.92,10622,16729.99,50000,50000,15998,-1807.23
Marketing,"Wednesday,December 28,2022",214548,208143.02,284340,270254.75,11767,14234.48,55000,55000,35678,-22661.38
Marketing,"Tuesday,January 03,2023",473632,472733.02,177016,189116.48,16613,33425.29,55000,55000,15682,34177.34
HR,"Monday,January 09,2023",234415,247582.15,54835,62647.78,28370,22623.29,45000,45000,13519,27575.33
Operations,"Sunday,January 15,2023",129375,121218.2,70159,64790.1,24901,10507.28,52000,52000,36480,-1253.05
IT,"Saturday,January 21,2023",240734,245429.29,285418,304869.39,15589,21711.96,60000,60000,24694,-28560.58
Sales,"Friday,January 27,2023",116964,115961.97,228677,231178.17,18918,5862.06,50000,50000,8300,-27625.18
HR,"Thursday,February 02,2023",213429,195662.54,171790,191895.54,25119,13854.41,45000,45000,11722,-13001.4
Operations,"Thursday,February 09,2023",352764,377336.66,155616,146946.24,18046,27948.27,52000,52000,44986,33440.5
HR,"Wednesday,February 15,2023",290710,305058.43,219160,235192.98,29818,15545.66,45000,45000,29160,1461.03
Operations,"Tuesday,February 21,2023",316139,320758.73,128752,142854.05,7590,20204.8,52000,52000,25059,23336.79
Operations,"Monday,February 27,2023",167215,177690.26,105284,119618.79,22447,15639.32,52000,52000,40822,-1955.23
IT,"Sunday,March 05,2023",431186,459999.38,107043,n/a,9324,26153.49,60000,60000,18575,41001.95
Operations,"Saturday,March 11,2023",244356,250975.79,,221881.48,15787,19266.28,52000,52000,12970,-8258.54
HR,"Friday,March 17,2023",303861,321865.78,147007,155013.27,14111,19556.59,45000,45000,39911,20302.63
Operations,"Thursday,March 23,2023",455612,466714.29,132844,148416.8,10342,,52000,52000,26591,40424.84
IT,"Wednesday,March 29,2023",109435,111627.55,77532,80838.93,21389,6927.61,60000,60000,36821,-8838.51
IT,"Tuesday,April 04,2023",275150,276430.23,NA,n/a,28873,27309.56,60000,60000,14503,-1502.75
HR,"Tuesday,April 11,2023",440976,457812.09,172402,195286.15,13659,41238.27,45000,45000,23922,38237.19
Marketing,"Monday,April 17,2023",151293,134598.01,168012,180172.99,19043,13187.76,55000,55000,17175,-22323.61
Marketing,"Sunday,April 23,2023",178781,191334.59,226517,242175.75,29579,14233.9,55000,55000,46124,-22955.54
Operations,"Saturday,April 29,2023",291475,311283.9,186785,178177.72,27350,17272.15,52000,52000,26389$,13730.53
Sales,"Friday,May 05,2023",260196,223069.11,106178,113049.99,13837,17265.1,50000,50000,5822,8745.04
Operations,"Thursday,May 11,2023",326507,344939.69,99407,99254.52,5117,25083.62,52000,52000,22327,26340.17
HR,"Wednesday,May 17,2023",406063,358235.87,251412,267202.75,18917,33035.74,45000,45000,11150,2615.73
HR,"Tuesday,May 23,2023",339833,317329.16,100990,93582.21,23935,17422.68,45000,45000,9425,37207.89
HR,"Monday,May 29,2023",352377,365019.25,256744,273294.06,19309,27161.83,45000,45000,21032,3832.93
HR,"Monday,June 05,2023",266319,237074.5,179473,206367.64,n/a,13632.36,45000,45000,7198,-4333.92
HR,"Sunday,June 11,2023",221172,233224.05,246617,224927.78,10560,15447.31,45000,45000,25079,-11923.18
IT,"Saturday,June 17,2023",456902,483417.64,265863,304225.32,25673,41993.45,60000,60000,41220,13134.34
Marketing,"Friday,June 23,2023",418717,409030.79,108141,108327.76,5846,30186.84,55000,55000,46874,37901.13
HR,"Thursday,June 29,2023",159101,,204865,228975.23,15954,9320.94,45000,45000,18859,-24605.41
Sales,"Wednesday,July 05,2023",388790,358370.89,106570,116757.71,18703,24986.99,50000,50000,36419,30496.18
Sales,"Tuesday,July 11,2023",466329,468302.38,276156,287686.64,20385,34173.12,50000,50000,,21764.7
Sales,"Monday,July 17,2023",123049,134775.14,218964,237491.05,18746,12028.79,50000,50000,47880,-33268.31
Sales,"Sunday,July 23,2023",310677,313147.93,51015,57117.87,27700,29625.12,50000,50000,28236,30074.95
IT,"Saturday,July 29,2023",460260,421115.3,111813,111928.74,11469,41171.07,60000,60000,27419,49462.55
Sales,"Saturday,August 05,2023",459523,463429.6,77712,76294.4,14333,41405.2,50000,50000,24978,70371.37
HR,"Friday,August 11,2023",168385,165858.61,150497,160565,21608,10908.58,45000,45000,42609,-11998.68
Operations,"Thursday,August 17,2023",226131,236298.15,189487,208807.38,17819,19945.16,52000,52000,20358,-7729.71
Sales,"Wednesday,August 23,2023",296489,259945.3,292926,319456.68,9208,18684.91,50000,50000,39177,-25014.16
IT,"Tuesday,August 29,2023",123289,128252.24,162816,179008.61,11283,8045.72,60000,60000,34378,-29522.2
IT,"Monday,September 04,2023",472370,465434.02,178778,180368.38,7048,42840.21,60000,60000,42334,41401.85
Sales,"Sunday,September 10,2023",462937,504947.61,112292,124021.86,11233,26217.55,50000,50000,16382,46534.04
Operations,"Saturday,September 16,2023",n/a,347963.24,73833,68668.55,17941,33087.16,52000,52000,19596,30397.45
Sales,"Friday,September 22,2023",291232,293607.13,185230,191920.93,17607,21455.01,50000,50000,38572,5937.2
IT,"Friday,September 29,2023",404119,437663.72,243752,219727.72,14765,35827.18,60000,60000,18221,29418.7
Marketing,"Thursday,October 05,2023",109540,95916.23,70309,68983.43,6828,7957.95,55000,55000,6279,-7344.45
HR,"Wednesday,October 11,2023",116364,126174.31,56970,56492.33,6917,11955.76,45000,45000,12083,2542.46
IT,"Tuesday,October 17,2023",497827,508764.97,122474,122356.81,25618,41634.01,60000,60000,48861,45719.74
Sales,"Monday,October 23,2023",127663,110678.62,267776,287555.76,11988,8931.4,50000,50000,22771,-50858.72
HR,"Sunday,October 29,2023",151991,140628.29,96540,96263.85,23410,7500.07,45000,45000,34975,-1889.18
Sales,"Saturday,November 04,2023",288751,296559.7,201456,203908.41,19594,22514.93,50000,50000,24063,3786.48
Sales,"Friday,November 10,2023",466326,404228.93,68017,65254.56,25128,23246.58,50000,50000,7106,60469.33
Marketing,"Thursday,November 16,2023",262049,260880.95,125880,125038.23,17977,22663.17,55000,55000,29557,14338.21
HR,"Wednesday,November 22,2023",194704,182334.6,155570,148852.08,5009,13786.52,45000,45000,25607,-4311.21
HR,"Wednesday,November 29,2023",149115,149894.7,58702,53905.99,21644,,45000,45000,42599,7768.75
Marketing,"Tuesday,December 05,2023",453151,390360.36,181456,190685.24,27422,20331.39,55000,55000,33529,22221.94
IT,"Monday,December 11,2023",319295,340970.09,50404,53783.75,14865,18494.08,60000,60000,40954,47850.1
Sales,"Sunday,December 17,2023",,319223.15,222015,234197.54,7219,27394.51,50000,50000,32856,1585.43
Operations,"Saturday,December 23,2023",297459,324890.51,228998,232633,12041,17415.5,52000,52000,7573,4875.82
Sales,"Friday,December 29,2023",249143,258464.18,210261,209198.43,n/a,13844.07,50000,50000,17808,-3349.97
Sales,"Thursday,January 04,2024",290347,256237.49,error,,10287,12967.01,50000,50000,40367,23365.45
IT,"Wednesday,January 10,2024",111938,116366.92,199456,205393.89,6619,11383.6!,60000,60000,41801,-38740.6
Sales,"Tuesday,January 16,2024",453824,388539.93,241172,245946.11,13512,33754.57,50000,50000,46196,11962.19
Marketing,"Monday,January 22,2024",104000,88975.21,148142,134277.47,6342,6020.29,55000,55000,39072,-17627.8
Marketing,"Monday,January 29,2024",301660,280816.06,190932,188127.58,15568,18204.4,55000,55000,28752,4278.51
HR,"Sunday,February 04,2024",463186,,285365,283952.13,24216,30387.98,45000,45000,22685,20857.48
Operations,"Saturday,February 10,2024",455754,475169.97,130642,NA,24208,42163.1,52000,52000,46401,
Sales,"Friday,February 16,2024",351492,358811.41,100612,105143.88,23378,29805.94,50000,50000,16372,40982.29
Sales,"Thursday,February 22,2024",465835,447889.02,73574,76031.42,19231,26541.8,50000,50000,13996,71057.21
IT,"Wednesday,February 28,2024",138304,127019.32,73524,77345.5,8490!,7456.73,60000,60000,21458,-3159.85
Marketing,"Tuesday,March 05,2024",431593,474442.04,250244,273071.46,14310,26056.25,55000,55000,36889,29880.32
Operations,"Monday,March 11,2024",182986,175034.4,60916,67205.36,12984,14530.5,52000,52000,31665,6775.9
HR,"Sunday,March 17,2024",251836,242479.48,54809,59168,22988,21391.21,45000,45000,43243,19900.01!
Marketing,"Sunday,March 24,2024",208940,186145.89,213273.0$,242892.55,17219,11774.16,55000,55000,36653,-20803.68
HR,"Saturday,March 30,2024",400638,420150.03,234402,212030.24,5235,21447.5,45000,45000,31657,33916.2
IT,"Friday,April 05,2024",365517,374077.61,194528,184596.27,15161,20240.81,60000,60000,44952,23533.61
IT,"Thursday,April 11,2024",243233,,294820,265895.42,,21663.45,60000,60000,27180,-21045.53
Sales,"Wednesday,April 17,2024",197532,171970.42,237469,252160.89,13567,,50000,50000,36896,-27422.47
Operations,"Tuesday,April 23,2024",454802,463954.81,171288,192614.66,8530,,52000,52000,17875,37715.38
HR,"Monday,April 29,2024",485777$,492397.07,88765,85291.68,10256,39998.98,45000,45000,6622,51004.39
Marketing,"Sunday,May 05,2024",200386,184017.45,215888,244333.11,24019,12715.05,55000,55000,45809,-30502.25!
IT,"Saturday,May 11,2024",127350,138520.62,95106,87028.35,13162,8350.63,60000,60000,21725,-3883.5
Sales,"Friday,May 17,2024",193008,171345.65,103932,117818.25,23944,9607.23,50000,50000,45760,-1219.13
Sales,"Friday,May 24,2024",456441,437308.68,198172,195775.24,10415,35312.96,50000,50000,20646,38541.57
HR,"Thursday,May 30,2024",125351,136119.15,107091,99097.21,8391,12078.08,45000,45000,22029,-3846.29
IT,"Wednesday,June 05,2024",188668,180165.08,71949,73493.6,16157,14808.71,60000,60000,34402,7915.06
Operations,"Tuesday,June 11,2024",214585,error,251152,242159.29,10951,16577.13,52000,52000,9263,-20396.8
IT,"Monday,June 17,2024",437497,415359.04,87744,85218.57,26852,21639.19,60000,60000,35987,53046.85
HR,"Sunday,June 23,2024",307869,282794.24,226615,221362.63,13007,27833.86,45000,45000,13646,-1899.56
HR,"Saturday,June 29,2024",165953,181883.56,158319,174270.66,14064,16357.83,45000,45000,32529,-12801.65
IT,"Friday,July 05,2024",419602,399601.04,142193,147139.94,27797,25830.65,60000,60000,16664,32117.85
HR,"Thursday,July 11,2024",382502,410625.38,86187,84275.97,28325,40651.3,45000,45000,40737,40009.64
IT,"Wednesday,July 17,2024",103267,93713.63,293806,309255.33,26204,7505.91,60000,60000,40796,-42813.99
Marketing,"Wednesday,July 24,2024",182745,165069.2,188311,203194.66,20524,13060.46,55000,55000,29027,-21871.71
IT,"Tuesday,July 30,2024",451732,387488.27,174454,168898.69,24282,33867.89,60000,60000,34373,25286.07
IT,"Monday,August 05,2024",400657,405832.17,64489,64707.44,28930,36763.72,60000,60000,41397,54232.35
HR,"Sunday,August 11,2024",257164,242282.33,296009,275427.95,5077,20066.77,45000,45000,25609,-23475.3
HR,"Saturday,August 17,2024",111338,118696.28,239089,error,12577,6695.04,45000,45000,40835,-25113.6
Sales,"Friday,August 23,2024",231484,224146.53,111877,119739.66,25611,14998.4,50000,50000,43709?,8793.99
Sales,"Thursday,August 29,2024",107543,117442.16$,224197,211946.78,21984,11321.92,50000,50000,24250,-26294.36
Marketing,"Wednesday,September 04,2024",468035,,99922,103048.64,19060,25688.63,55000,55000,26172,55605.95
Sales,"Tuesday,September 10,2024",160692,171483.4,144074,155205.38,22449,11765.19,50000,50000,16555,-10548.76
IT,"Tuesday,September 17,2024",320156,334290.64,213121,197503.33,23520,23936.49,60000,60000,26874,10785.76
HR,"Monday,September 23,2024",323992,337836.33,87131,90775.52,15535,24314.16,45000,45000,18081,39286.33
Sales,"Sunday,September 29,2024",406569,431449.32,224016,215982.94,14510,34795.08,50000,50000,29063,23708.35
Sales,"Saturday,October 05,2024",138756,144341.76,165765,189093.39,11943,14023.35,50000,50000,11819,-21441.37
Marketing,"Friday,October 11,2024",118888,119667.32,123963,126552.14,16954,7423.52,55000,55000,30712,-16090.88
Marketing,"Thursday,October 17,2024",266807,235540.21,156884,172807.43,12804,13207.93,55000,55000,29762,-1072.73
IT,"Wednesday,October 23,2024",409439,351352.52,175917,182523.85,11565,21036.71,60000,60000,16046,16309.98
HR,"Tuesday,October 29,2024",,231545.59,74285,67662.73,10984,21845.46,45000,45000,36463,19351.32
Marketing,"Monday,November 04,2024",445186,447039.12,87626,92733.53,26526,36787.09,55000,55000,33769,61120.85
Sales,"Sunday,November 10,2024",185999,195137.93,223880,254742.05,9670,12546.46,50000,50000,28150,-22417.17
HR,"Sunday,November 17,2024",117955,114461.24,269536,283121.41,23574,10392.78,45000,45000,7711,-37501.12
HR,"Saturday,November 23,2024",399985,351717.63,234943,259564.37,14184,32733.83,45000,45000,9853,3189.6
Sales,"Friday,November 29,2024",170640,150384.43,69198,77574.53,24096,13884.35,50000,50000,34077,2076.06
Marketing,"Thursday,December 05,2024",296582,,200830,192198.32,error,29064.66,55000,55000,28863,4267.83
Sales,"Wednesday,December 11,2024",319798,306231.04,65254,62187.79,6248,19173.75,50000,50000,26792,30425.09
HR,"Tuesday,December 17,2024",161476,145349.58,94238,99208.61,16246,12754.73,45000,45000,45483!,-1906.95
Operations,"Monday,December 23,2024",406955,395925.96,51252,51393.31,17790,28913.28,52000,52000,13942,48715.32
Operations,"Sunday,December 29,2024",267280,231478.44,89764,99634.93,25417,21319.15,52000,52000,6762,11414.3
IT,"Saturday,January 04,2025",251222,250089.7,127709,143673.36,23381,21613.89,60000,60000,36987,5577.64
Sales,"Friday,January 10,2025",171180,157014.57,218513,215968.49,8687,13946.41,50000,50000,20850,-26437.67
Sales,"Friday,January 17,2025",274358,287908.48,273306,262159.94,9018,23841.15,50000,50000,17112,-10200.1
IT,"Thursday,January 23,2025",212856,197443.2,103682,113545.41,16302,11623.77,60000,60000,29058,2273.61
IT,"Wednesday,January 29,2025",430594,415008.67,109494,106067,6970,32059.98,60000,60000,43890,50781.71
IT,"Tuesday,February 04,2025",286141,244051.13,131317,145191.11,13389,24218.04,60000,60000,5481,2886.35
HR,"Monday,February 10,2025",474032,411512.74,115215,115898.75,27149,39862.99,45000,45000,37921,52247.38
Sales,"Sunday,February 16,2025",210448,199530.67,128587,137187.86,NA,10407.26,50000,50000,45385,413.07
HR,"Saturday,February 22,2025",114397,110963.34,286257,264468.21,29519,6462.59,45000,45000,6524,-33333.14
IT,"Friday,February 28,2025",278031,278032.43,56949,60136.14,26951,15732.87,60000,60000,39888,30937.28
Sales,"Thursday,March 06,2025",493944,455868.65,288897,n/a,29051,39341.01,50000,50000,20048,13486.01
HR,"Thursday,March 13,2025",219180,224384.53,105393,110309.81,20374,20394.15,45000,45000,40111,10643.17
HR,"Wednesday,March 19,2025",166234,177044.3,254625,239857.65,27126,10742.26,45000,45000,42904,-18608.98
IT,"Tuesday,March 25,2025",139954,146246.72,188013,203847.16,10788,11011.3,60000,60000,39008,-21540.94
Sales,"Monday,March 31,2025",278352,239356.19,75934,,10408,22029.18,50000,50000,5060,19460.16
IT,"Sunday,April 06,2025",179459,174097.97,204458,195090.75,14446,15083.86,60000,60000,14130,-16594.16
Sales,"Saturday,April 12,2025",295004,258492.11,242958,224475.85,5922,19932.81,50000,50000,23023,-8393.85
Operations,"Friday,April 18,2025",300968,274034.75,125745,113913.61,5419,21790.53,52000,52000,18350,15360.6
Marketing,"Thursday,April 24,2025",159163,174548.59,264323,280312.66,23588,13164.11,55000,55000,29354,-37270.76
Marketing,"Wednesday,April 30,2025",151934,134556.38,144456,151934.99,15789,8729.67,55000,55000,33145,-17796.38
Marketing,"Tuesday,May 06,2025",295967,288485.56,103413,107205.6,6120,22574.31,55000,55000,39020,20872.37?
IT,"Tuesday,May 13,2025",416242,418131.29,237872,227878.23,16260,35308.79,60000,60000,25587,17140.39
Operations,"Monday,May 19,2025",105486,108188.15,147239,146904.25,22334,10133.57,52000,52000,46131,-17271.96
Sales,"Sunday,May 25,2025",239407,236991.9,92318,96806.42,7336,19389.39,50000,50000,14650,10854.38
HR,"Saturday,May 31,2025",449044,382784.29,251245,257323.05,10373,33706.48,45000,45000,24933,8434.31
Sales,"Friday,June 06,2025",226020,210563.7,120390,138080.87,7243,12213.45,50000,50000,25581,2211.16
HR,"Thursday,June 12,2025",202795,198623.08,233401,218022.19,24029,14514.95,45000,45000,28393,-19241.65
Sales,"Wednesday,June 18,2025",320184,279189.76,93088,99956.6,9612,14089.75,50000,50000,28051,27302.86
Operations,"Tuesday,June 24,2025",242202,227102.34,297940,298261.68,18946,14156.18,52000,52000,31212,-31116.59
HR,"Monday,June 30,2025",449652,385936.66,153196,154276.02,23249,33315.24,45000,45000,9090,35092.29
IT,"Sunday,July 06,2025",337027,293093.72,220883,238420.99,16104,29189.35,60000,60000,11960,NA
Sales,"Sunday,July 13,2025",218324,207239.87,295897,317529.74,18429,11389.68,50000,50000,40772,-30220.53
Sales,"Saturday,July 19,2025",n/a,373328.57,105479,121070.27,27412,26160.89,50000,50000,26520,42390.08
HR,"Friday,July 25,2025",297775,295358.62,266464,248370.71,28710,26583.32,45000,45000,41408,-5339.01
IT,"Thursday,July 31,2025",389336,398043.98,268441,248583.72,11371,23962.96,60000,60000,33470,13495.33
IT,"Wednesday,August 06,2025",363206,381419.57,298592,322803.24,11359,29656.99,60000,60000,25491,-5000.62
Operations,"Tuesday,August 12,2025",184076,165675.31,69963,73083.12,12863,14356.36,52000,52000,6341,5108.26
IT,"Monday,August 18,2025",189780,169259.21,105123,101815.85,8228,13676.02,60000,60000,49623,-1221.82
IT,"Sunday,August 24,2025",252617,221328.35,175911,161812.59,25103,13147.18,60000,60000,29791,-3223.24
IT,"Saturday,August 30,2025",121689,122797.29,152468,140486.24,19382,8321.88,60000,60000,5338,-17603.39
Marketing,"Saturday,September 06,2025",373318,383255.33,273777,307601.52,23755,34182.39,55000,55000,10895,-2543.91
Operations,"Friday,September 12,2025",NA,386572.47,123477,117052.1,7891,30041.06,52000,52000,17254,46434.88
Sales,"Thursday,September 18,2025",488318,529362.62,64388,63154.51,8756,26606.55,50000,50000,16344,62753.93
HR,"Wednesday,September 24,2025",465177,401444.41,55569,53160.87,25609,35346.99,45000,45000,6750,51512.1
Sales,"Tuesday,September 30,2025",109348,107743.22,119836.0?,118487.73,20770,5577.39,50000,50000,7421,-10227
Operations,"Monday,October 06,2025",138102,error,154573,141798.46,21478,12383.13,52000,52000,,-14405.77
HR,"Sunday,October 12,2025",174460,186278.32,217658,224136.58,7674,11199.8,45000,45000,10319,-22743.96
Operations,"Saturday,October 18,2025",464778,478034.27,193087,177042.08,n/a,46801.31,52000,52000,20896,35990.73?
IT,"Friday,October 24,2025",189930,199508.55,95002,104510.67,15147,13645.79,60000,60000,16918,5035.55
HR,"Thursday,October 30,2025",106801,99844.26,297666,285291.44,5793,6624.33,45000,45000,30064,-42488.39
IT,"Thursday,November 06,2025",203150,214060.43,187326,193882.97,7116,12296.57,60000,60000,32935,-12564.72
Sales,"Wednesday,November 12,2025",303339,263913.64,198216,222005.84,10779,17228.34,50000,50000,42641,-5707.15
Sales,"Tuesday,November 18,2025",279208,299786.79,205286,218161.4,17298,28129.76$,50000,50000,34711,805.71
HR,"Monday,November 24,2025",254697,251359.98,286726,296256.61,19153,25089.93,45000,45000,9806,-17455.04
HR,"Sunday,November 30,2025",313945,330999.89,261791,256838.81,16111,22645.52,45000,45000,46360,1604.66
Operations,"Saturday,December 06,2025",331915,319660.56,252846,248610.95,15789,23153.18,52000,52000,17182,-913.73
Operations,"Friday,December 12,2025",303664,306972.24,187162,199771.43,16397,26431.4,52000,52000,27297,5192.16
IT,"Thursday,December 18,2025",308124,302454.72,192709,221333,17999,28524.44,60000,60000,24541,
HR,"Wednesday,December 24,2025",101542,104882.47,203487,216807.22,27550,8354.12,45000,45000,33921,-29444.78
Sales,"Wednesday,December 31,2025",383821,334080.68,74071,76992.79,5814,23244.09,50000,50000,21774,43621.61
